{"intents": [
        {"tag": "Intro",
         "patterns": ["hi", 
                      "how are you", 
                      "is anyone there", 
                      "hello", 
                      "whats up",
                      "hey",
                      "yo",
                      "listen", 
                      "please help me",
                      "i am learner from",
                      "i belong to",
                      "aiml batch",
                      "aifl batch",
                      "i am from",
                      "my pm is",
                      "blended",
                      "online",			  
                      "i am from",
                      "hey ya",
					  "knock knock",
					  "please guide me",
                      "talking to you for first time"],
         "responses": ["Hi there, How can I help?","Hi! What are you looking for ?","Hello! How may I assist you ?"],
         "context_set": ""
        },
        {"tag": "Exit",
         "patterns": ["thank you", 
                      "thanks", 
                      "cya",
                      "see you",
                      "later", 
                      "see you later", 
                      "goodbye", 
                      "i am leaving", 
                      "have a Good day",
                      "you helped me",
                      "thanks a lot",
                      "thanks a ton",
                      "you are the best",
                      "great help",
                      "too good",
                      "you are a good learning buddy"],
         "responses": ["Hope my assist was helpful, Good Bye","Talk to you later,Good Bye!", "Good Bye, I hope your query is resolved"],
         "context_set": ""
        },
        {"tag": "Olympus",
         "patterns": ["olympus",
                      "explain me how olympus works",
                      "I am not able to understand olympus",
                      "olympus window not working",
                      "no access to olympus",
                      "unable to see link in olympus",
                      "no link visible on olympus",
                      "whom to contact for olympus",
                      "lot of problem with olympus",
                      "olympus is not a good tool",
                      "lot of problems with olympus",
                      "how to use olympus",
                      "teach me olympus"],
         "responses": ["Link: Olympus wiki","Olympus is your LMS","Connect with your Program Manager"],
         "context_set": ""
        },
        {"tag": "SL",
         "patterns": ["i am not able to understand svm", 
                      "explain me how machine learning works",
                      "i am not able to understand naive bayes",
                      "i am not able to understand logistic regression",
                      "i am not able to understand ensemble techb=niques",
                      "i am not able to understand knn",
                      "i am not able to understand knn imputer",
                      "i am not able to understand cross validation",
                      "i am not able to understand boosting",
                      "i am not able to understand random forest",
                      "i am not able to understand ada boosting",
                      "i am not able to understand gradient boosting",
                      "machine learning",
                      "ML",
                      "SL", 
                      "supervised learning",
                      "knn",
                      "logistic regression",
                      "regression",
                      "classification",
                      "naive bayes",
                      "nb",
                      "ensemble techniques",
                      "bagging",
                      "boosting",
                      "ada boosting",
                      "ada",
                      "gradient boosting",
                      "hyper parameters"],
         "responses": ["Link: Machine Learning wiki","Go to the Machine Learning module in Olympus portal","Checkout Great Learning Blog"],
         "context_set": ""
        },
    
        {"tag": "NN",
         "patterns": ["what is deep learning", 
                      "unable to understand deep learning",
                      "explain me how deep learning works",
                      "i am not able to understand deep learning",
                      "not able to understand neural nets",
                      "very diffult to understand neural networks",
                      "unable to understand neural nets",
                      "ann", 
                      "artificial intelligence", 
                      "artificial neural networks",
                      "weights",
                      "activation function",
                      "hidden layers",
                      "softmax",
                      "sigmoid",
                      "relu",
                      "otimizer",
                      "forward propagation",
                      "backward propagation",
                      "epochs",
                      "epoch",
                      "what is an epoch",
                      "adam",
                      "sgd"],
         "responses": ["Link: Neural Network wiki","Go to the Neural Network Section in Olympus portal","Checkout Great Learning Blog"],
         "context_set": ""
        },
        
        {"tag": "Bot",
         "patterns": ["what is your name",
                      "who are you",
                      "name please",
					  "how do you do",
                      "when are your hours of opertions", 
                      "what are your working hours", 
                      "hours of operation",
                      "working hours",
                      "hours"],
         "responses": ["I'm your virtual learning assistant","I'm available 24 X 7", "I'm your VLA available 24 X 7"],
         "context_set": ""
        },
    
    {"tag": "Profane",
         "patterns": ["what the hell",
                      "bloody stupid bot",
                      "do you think you are very smart",
                      "screw you", 
                      "i hate you", 
                      "you are stupid",
					  "you can't understand shit",
                      "jerk",
                      "you are a joke",
                      "useless piece of shit"],
         "responses": ["Please use respectful words", "Stop using disrespectful words here", "You'll be banned if you don't stop now"],
         "context_set": ""
        },
    
        {"tag": "Ticket",
         "patterns": ["my problem is not solved", 
                      "you did not help me", 
                      "not a good solution",
                      "bad solution",
                      "not good solution",
                      "no help",
                      "wasted my time",
					  "how to raise a ticket",
                      "useless bot",
                      "create a ticket",
					  "delayed resoultion"],
         "responses": ["Transferring the request to your Program Manager","Please raise a ticket for further assistance","Request you to connect with your PM for better guidance"],
         "context_set": ""
        }
   ]
}